name,model,brand,price,elabel,bodytype,length,height,width,weighttotal,emissionsco2,modeldate,fueltype,numberofdoors,numberofforwardgears,seatingcapacity,cargovolume,roofload,accelerationtime,drivewheelconfiguration,fuelcapacity,fuelconsumption,speed,payload,trailerweight,veenginetype,veenginedisplacement,veenginepower,torque,img,index
Alfa Romeo 147 1.9 JTD 120hp Impression,Alfa Romeo 147,Alfa Romeo,24.135,G,hatchback,4223,1442,1729,1285,153 g/km,2006,diesel,5,5,5,292-1042 l,50 kg,"9,6 s",front,60,5.8,193,570,1300,ohc,1910,88,280,img/Alfa Romeo_000.jpg,C_0001
Alfa Romeo 159 1.9 JTDm 8v Impression,Alfa Romeo 159,Alfa Romeo,32.35,G,sedan,4660,1422,1828,1500,157 g/km,2005,diesel,4,6,5,405 l,80 kg,"11,0 s",front,70,5.9,191,545,1500,ohc,1910,88,280,img/Alfa Romeo_001.jpg,C_0002
Alfa Romeo 145 1.8 Twin Spark 16V L,Alfa Romeo 145,Alfa Romeo,18.147,G,hatchback,4061,1431,1712,1175,201 g/km,1999,petrol,3,5,5,320-1130 l,80 kg,"9,1 s",front,61,8.4,207,495,1200,dohc,1747,106,169,img/Alfa Romeo_003.jpg,C_0003
Alfa Romeo Stelvio 2.0T 200hp AWD Super,Alfa Romeo Stelvio,Alfa Romeo,56.025,D,suv/crossover,4687,1671,1903,1635,161 g/km,2017,petrol,5,8,5,525-1600 l,80 kg,"6,7 s",front+rear,64,7,215,665,2000,dohc,1995,147,330,img/Alfa Romeo_007.jpg,C_0004
Alfa Romeo Stelvio 2.9 V6 AWD Quadrifoglio,Alfa Romeo Stelvio,Alfa Romeo,134.325,G,suv/crossover,4702,1681,1903,1730,210 g/km,2017,petrol,5,8,5,525-1600 l,80 kg,"3,8 s",front+rear,64,9.8,283,695,2000,dohc,2891,147,600,img/Alfa Romeo_014.jpg,C_0005
Alfa Romeo Stelvio 2.2 JTD 190hp B-Tech,Alfa Romeo Stelvio,Alfa Romeo,70.325,E,suv/crossover,4687,1666,1903,1579,139 g/km,2018,diesel,5,8,5,525-1600 l,80 kg,"7,2 s",rear,58,5.3,210,696,1700,dohc,2143,147,450,img/Alfa Romeo_015.jpg,C_0006
Alfa Romeo Stelvio 2.2 JTD 190hp,Alfa Romeo Stelvio,Alfa Romeo,61.325,E,suv/crossover,4687,1666,1903,1579,139 g/km,2018,diesel,5,8,5,525-1600 l,80 kg,"7,2 s",rear,58,5.3,210,696,1700,dohc,2143,147,450,img/Alfa Romeo_016.jpg,C_0007
Alfa Romeo Stelvio 2.0T 280hp AWD B-Tech,Alfa Romeo Stelvio,Alfa Romeo,73.325,F,suv/crossover,4687,1671,1903,1635,161 g/km,2018,petrol,5,8,5,525-1600 l,80 kg,"5,7 s",front+rear,64,7.9,230,665,2300,dohc,1995,147,400,img/Alfa Romeo_051.jpg,C_0008
Alfa Romeo 146 1.6 Twin Spark 16V L,Alfa Romeo 146,Alfa Romeo,16.74,G,hatchback,4235,1426,1712,1185,198 g/km,1999,petrol,5,5,5,380-1225 l,80 kg,"10,5 s",front,51,8.3,197,485,1200,dohc,1598,88,144,img/Alfa Romeo_076.jpg,C_0009
Alfa Romeo 159 Sportwagon 2.4 JTDm 20v Elegante,Alfa Romeo 159 Sportwagon,Alfa Romeo,53.085,G,stationwagon,4661,1422,1830,1670,194 g/km,2008,diesel,5,6,5,445-1235 l,80 kg,"8,5 s",front,70,7.4,225,575,1500,dohc,2387,147,400,img/Alfa Romeo_081.jpg,C_0010
Alfa Romeo GT 1.8 T.Spark 16V Distinctive,Alfa Romeo GT,Alfa Romeo,33.215,G,coupe,4489,1362,1763,1265,202 g/km,2005,petrol,3,5,5,320 l,50 kg,"10,6 s",front,63,8.5,200,545,1300,dohc,1747,103,163,img/Alfa Romeo_000.jpg,C_0011
Alfa Romeo Spider 3.2 JTS V6 Q4 Exclusive,Alfa Romeo Spider,Alfa Romeo,62.615,G,cabriolet,4393,1318,1830,1665,273 g/km,2006,petrol,2,6,2,235 l,80 kg,"7,0 s",front+rear,70,11.5,240,325,1500,dohc,3195,191,322,img/Alfa Romeo_016.jpg,C_0012
Aston Martin V12 Vanquish,Aston Martin V12 Vanquish,Aston Martin,332.875,G,coupe,4665,1320,1925,1780,513 g/km,2001,petrol,2,6,4,240 l,0,"4,7 s",rear,80,16.5,306,355,1500,dohc,5935,336,556,img/Aston Martin_000.jpg,C_0013
Aston Martin Vantage,Aston Martin V8 Coupe,Aston Martin,360.755,G,coupe,4745,1330,1944,1990,513 g/km,1997,petrol,2,6,4,255 l,0,"4,7 s",rear,105,21.5,300,355,1500,dohc,5341,410,745,img/Aston Martin_001.jpg,C_0014
Aston Martin Cygnet,Aston Martin Cygnet,Aston Martin,41.063,D,hatchback,3078,1500,1680,988,116 g/km,2011,petrol,3,6,4,30-240 l,0,"11,8 s",rear,32,5,170,355,1500,dohc,1329,72,125,img/Aston Martin_002.jpg,C_0015
Aston Martin DB9 Vantage Volante,Aston Martin DB9 Volante,Aston Martin,239.291,G,cabriolet,4700,1320,1875,1830,394 g/km,2004,petrol,2,6,4,195 l,0,"5,1 s",rear,85,16.5,300,325,1500,dohc,5935,331,570,img/Aston Martin_003.jpg,C_0016
Aston Martin Rapide,Aston Martin Rapide,Aston Martin,270.234,G,sedan,5019,1360,1875,1965,355 g/km,2010,petrol,4,6,4,315-885 l,0,"5,3 s",rear,91,14.9,303,445,1500,dohc,5935,350,600,img/Aston Martin_004.jpg,C_0017
Aston Martin V12 Vantage Coupe S,Aston Martin V12 Vantage Coupe,Aston Martin,264.243,G,coupe,4385,1250,1865,1665,343 g/km,2013,petrol,2,7,2,300 l,0,"3,9 s",rear,80,14.7,328,445,1500,dohc,5935,422,620,img/Aston Martin_005.jpg,C_0018
Aston Martin DB7 Vantage,Aston Martin DB7,Aston Martin,184.07,G,coupe,4666,1238,1830,1780,450 g/km,1999,petrol,2,5,4,178 l,0,"5,0 s",rear,89,14.9,298,445,1500,dohc,5935,309,540,img/Aston Martin_006.jpg,C_0019
Aston Martin DB7 GT,Aston Martin DB7,Aston Martin,202.63,G,coupe,4666,1238,1830,1780,469 g/km,2003,petrol,2,5,4,178 l,0,"5,0 s",rear,89,14.9,298,445,1500,dohc,5935,320,556,img/Aston Martin_007.jpg,C_0020
Aston Martin Rapide S,Aston Martin Rapide,Aston Martin,261.879,G,sedan,5019,1360,1929,1990,300 g/km,2017,petrol,4,8,4,315-885 l,0,"4,4 s",rear,91,12.9,327,420,1500,dohc,5935,320,630,img/Aston Martin_008.jpg,C_0021
Aston Martin DB9 Vantage,Aston Martin DB9,Aston Martin,272.698,G,coupe,4710,1270,1875,1760,421 g/km,2008,petrol,2,6,4,175 l,0,"4,8 s",rear,85,16.4,306,300,1500,dohc,5935,350,600,img/Aston Martin_009.jpg,C_0022
Audi A6 Avant 50 TDI quattro,Audi A6 Avant,Audi,83,E,stationwagon,4939,1494,1886,1865,147 g/km,2018,diesel,5,8,5,565-1680 l,100 kg,"5,7 s",front+rear,73,5.7,250,695,2000,dohc,2967,103,620,img/Audi_000.jpg,C_0023
Audi A6 Avant 35 TDI,Audi A6 Avant,Audi,60.75,B,stationwagon,4939,1494,1886,1685,108 g/km,2019,diesel,5,7,5,565-1680 l,100 kg,"9,5 s",front,73,4.1,219,645,2000,dohc,1968,350,370,img/Audi_001.jpg,C_0024
Audi S3 Limousine 2.0 TFSI,Audi S3 Limousine,Audi,53.93,F,sedan,4469,1392,1785,1425,159 g/km,2014,petrol,4,6,5,390 l,75 kg,"4,9 s",front+rear,50,6.9,250,575,1500,dohc,1984,221,380,img/Audi_002.jpg,C_0025
Audi A4 Avant 30 TDI,Audi A4 Avant,Audi,47.82,D,stationwagon,4738,1434,1842,1495,111 g/km,2019,diesel,5,7,5,505-1510 l,90 kg,"11,0 s",front,40,4.2,198,655,1500,dohc,1968,103,270,img/Audi_003.jpg,C_0026
Audi A1 1.4 TFSI COD Ambition,Audi A1,Audi,24.98,C,hatchback,3954,1417,1740,1085,109 g/km,2013,petrol,3,6,4,267-920 l,75 kg,"7,9 s",front,45,4.7,212,475,1200,dohc,1395,103,250,img/Audi_004.jpg,C_0027
Audi A1 Sportback 1.6 TDI 90hp Attraction Pro Line Business,Audi A1 Sportback,Audi,28.52,F,hatchback,3954,1417,1746,1160,110 g/km,2012,diesel,5,7,4,267-920 l,75 kg,"11,6 s",front,45,4.2,182,515,1200,dohc,1598,66,230,img/Audi_005.jpg,C_0028
Audi A1 Sportback 1.4 TFSI COD Ambition Pro Line,Audi A1 Sportback,Audi,27.5,C,hatchback,3954,1417,1746,1110,113 g/km,2013,petrol,5,6,4,267-920 l,75 kg,"8,0 s",front,45,4.9,212,515,1200,dohc,1395,103,250,img/Audi_006.jpg,C_0029
Audi TT Roadster 1.8 5V Turbo quattro 225hp,Audi TT Roadster,Audi,55.19,G,cabriolet,4041,1348,1764,1515,226 g/km,1999,petrol,2,6,2,180 l,0,"6,9 s",front+rear,62,9.4,237,300,1500,dohc,1781,165,280,img/Audi_007.jpg,C_0030
Audi Q2 40 TFSI quattro design,Audi Q2,Audi,46.84,F,suv/crossover,4191,1508,1794,1405,146 g/km,2019,petrol,5,7,4,355-1000 l,75 kg,"6,5 s",front+rear,55,6.4,228,585,1500,dohc,1984,110,320,img/Audi_008.jpg,C_0031
Audi Q5 2.0 TFSI 180hp quattro Pro Line S,Audi Q5,Audi,57.64,E,suv/crossover,4629,1655,1898,1705,172 g/km,2013,petrol,5,6,5,540-1560 l,75 kg,"8,5 s",front+rear,75,7.5,210,635,2000,dohc,1984,132,320,img/Audi_009.jpg,C_0032
BMW 330d touring,BMW 3-serie touring,BMW,46.9,G,stationwagon,4478,1409,1739,1590,186 g/km,2001,diesel,5,5,5,435-1345 l,75 kg,"7,9 s",rear,63,7,225,540,1800,dohc,2926,135,390,img/BMW_000.jpg,C_0033
BMW 330xd touring Executive,BMW 3-serie touring,BMW,54.4,G,stationwagon,4478,1409,1739,1670,207 g/km,2001,diesel,5,5,5,435-1345 l,75 kg,"8,7 s",front+rear,63,7.8,221,525,1800,dohc,2926,135,390,img/BMW_001.jpg,C_0034
BMW 320d touring,BMW 3-serie touring,BMW,41.4,G,stationwagon,4478,1409,1739,1480,158 g/km,2003,diesel,5,6,5,435-1345 l,75 kg,"9,2 s",rear,63,5.9,216,525,1600,dohc,1995,110,330,img/BMW_002.jpg,C_0035
BMW X7 M50i,BMW X7,BMW,165.561,F,suv/crossover,5151,1805,2000,2455,248 g/km,2019,petrol,5,8,7,750-2120 l,100 kg,"4,7 s",front+rear,83,10.9,250,830,2200,dohc,4395,110,750,img/BMW_003.jpg,C_0036
BMW 330i Coupe Executive,BMW 3-serie Coupe,BMW,56.425,F,coupe,4580,1395,1782,1445,173 g/km,2006,petrol,2,6,5,440 l,75 kg,"6,0 s",rear,63,7.2,250,505,1700,dohc,2996,200,315,img/BMW_004.jpg,C_0037
BMW 335i Coupe Executive,BMW 3-serie Coupe,BMW,65.03,G,coupe,4580,1375,1782,1515,221 g/km,2006,petrol,2,6,5,440 l,75 kg,"5,7 s",rear,63,9.2,250,505,1700,dohc,2979,225,400,img/BMW_005.jpg,C_0038
BMW 745d,BMW 7-serie,BMW,120,G,sedan,5039,1491,1902,2015,251 g/km,2005,diesel,4,6,5,500 l,100 kg,"6,8 s",rear,88,9.5,250,605,2100,dohc,4423,220,700,img/BMW_006.jpg,C_0039
BMW 730d xDrive Executive,BMW 7-serie,BMW,104.795,D,sedan,5079,1471,1902,1885,158 g/km,2012,diesel,4,8,5,500 l,100 kg,"6,0 s",front+rear,80,6,250,665,2100,dohc,2993,190,560,img/BMW_007.jpg,C_0040
BMW 118i Cabrio Executive,BMW 1-serie Cabrio,BMW,38.285,F,cabriolet,4360,1411,1748,1395,152 g/km,2011,petrol,2,6,4,260-305 l,0,"9,3 s",rear,51,6.5,210,465,1200,dohc,1995,105,190,img/BMW_008.jpg,C_0041
BMW 120d Cabrio High Executive,BMW 1-serie Cabrio,BMW,53.532,G,cabriolet,4360,1411,1748,1495,145 g/km,2011,diesel,2,6,4,260-305 l,0,"8,2 s",rear,51,5.5,220,465,1200,dohc,1995,130,350,img/BMW_009.jpg,C_0042
BMW 218d Active Tourer,BMW 2-serie Active Tourer,BMW,42.987,E,mpv,4354,1555,1800,1455,119 g/km,2018,diesel,5,8,5,468-1510 l,75 kg,"9,6 s",front,51,4.3,203,585,1300,dohc,1995,0,350,img/BMW_010.jpg,C_0043
Cadillac SRX 3.6 V6 AWD Elegance Plus,Cadillac SRX,Cadillac,62.65,G,suv/crossover,4950,1722,1844,1995,349 g/km,2004,petrol,5,5,7,238-1968 l,100 kg,"8,1 s",front+rear,76,14.7,201,730,3500,dohc,3564,194,342,img/Cadillac_000.jpg,C_0044
Cadillac BLS Wagon 1.9D 150hp Business,Cadillac BLS Wagon,Cadillac,39.85,G,stationwagon,4716,1543,1752,1560,159 g/km,2007,diesel,5,6,5,419-1285 l,100 kg,"10,4 s",front,58,5.9,200,560,1600,dohc,1910,110,320,img/Cadillac_001.jpg,C_0045
Cadillac BLS Wagon 2.0T 210hp Elegance,Cadillac BLS Wagon,Cadillac,44.17,G,stationwagon,4716,1543,1752,1540,199 g/km,2007,petrol,5,6,5,419-1285 l,100 kg,"7,8 s",front,58,8.3,220,540,1600,dohc,1998,154,300,img/Cadillac_005.jpg,C_0046
Cadillac BLS Wagon 2.0T Flexpower Sport Luxury,Cadillac BLS Wagon,Cadillac,56.07,G,stationwagon,4716,1543,1752,1540,222 g/km,2008,bio-ethanol,5,5,5,419-1285 l,100 kg,"9,2 s",front,58,9.3,220,560,1600,dohc,1998,147,300,img/Cadillac_002.jpg,C_0047
Cadillac BLS Wagon 2.8 V6 AWD Sport Luxury,Cadillac BLS Wagon,Cadillac,74.47,G,stationwagon,4716,1543,1752,1540,279 g/km,2008,petrol,5,6,5,419-1285 l,100 kg,"7,4 s",front+rear,58,,240,,1600,dohc,2792,188,365,img/Cadillac_004.jpg,C_0048
Cadillac BLS 2.0T 175hp Sport,Cadillac BLS,Cadillac,42.06,G,sedan,4680,1471,1752,1460,193 g/km,2006,petrol,4,5,5,425 l,100 kg,"8,7 s",front,58,8.1,220,530,1600,dohc,1998,129,265,img/Cadillac_003.jpg,C_0049
Cadillac SRX 3.0 V6 AWD Sport Luxury,Cadillac SRX,Cadillac,97.523,G,suv/crossover,4967,1667,1910,1995,271 g/km,2010,petrol,5,5,7,537-1548 l,100 kg,"8,4 s",front+rear,76,11.7,210,730,3500,dohc,2996,198,302,img/Cadillac_009.jpg,C_0050
Cadillac Seville SLS,Cadillac Seville,Cadillac,63.484,G,sedan,4991,1414,1904,1802,315 g/km,1998,petrol,4,4,5,445 l,454 kg,"7,8 s",front,71,13.7,203,474,1800,dohc,4565,205,407,img/Cadillac_006.jpg,C_0051
Cadillac BLS 2.8 V6 Elegance,Cadillac BLS,Cadillac,53.58,G,sedan,4680,1471,1752,1585,259 g/km,2006,petrol,4,6,5,425 l,100 kg,"7,5 s",front,58,10.8,245,515,1600,dohc,2792,188,365,img/Cadillac_007.jpg,C_0052
Cadillac BLS 1.9D 150hp Business Prestige,Cadillac BLS,Cadillac,38,G,sedan,4680,1471,1752,1535,194 g/km,2008,diesel,4,6,5,425 l,100 kg,"11,0 s",front,58,7.2,210,535,1600,dohc,1910,110,320,img/Cadillac_008.jpg,C_0053
Dodge Caliber 2.0 SE,Dodge Caliber,Dodge,27.327,G,mpv,4415,1535,1800,1335,192 g/km,2006,petrol,5,s,5,524-1339 l,68 kg,"11,3 s",front,51,8.1,186,595,1200,dohc,1998,115,190,img/Dodge_003.jpg,C_0054
Dodge Caliber 1.8 SE,Dodge Caliber,Dodge,23.077,G,mpv,4415,1535,1800,1295,174 g/km,2006,petrol,5,5,5,524-1339 l,68 kg,"11,9 s",front,51,7.3,184,595,1200,dohc,1798,110,168,img/Dodge_004.jpg,C_0055
Dodge Caliber 2.1 CRD SXT,Dodge Caliber,Dodge,30.79,G,mpv,4415,1535,1800,1483,152 g/km,2010,diesel,5,6,5,524-1339 l,68 kg,"11,2 s",front,51,5.8,198,517,1200,dohc,2143,120,320,img/Dodge_005.jpg,C_0056
Dodge Caliber 2.0 Base,Dodge Caliber,Dodge,19.99,G,mpv,4415,1535,1800,1335,176 g/km,2010,petrol,5,5,5,524-1339 l,68 kg,"10,5 s",front,51,7.4,190,595,1200,dohc,1998,115,190,img/Dodge_002.jpg,C_0057
Dodge Viper RT/10,Chrysler Viper,Dodge,100.517,G,cabriolet,4448,1117,1975,1620,482 g/km,1993,petrol,2,6,2,334 l,0,"4,5 s",rear,83,20.4,266,205,,ohv,7990,268,600,img/Dodge_001.jpg,C_0058
Dodge Journey 2.4 SXT,Dodge Journey,Dodge,38.094,G,mpv,4888,1672,1834,1680,228 g/km,2008,petrol,5,4,5,167-1562 l,68 kg,"11,9 s",front,77,9.6,188,745,1100,dohc,2360,125,220,img/Dodge_000.jpg,C_0059
Dodge Journey 2.0 CRD R/T,Dodge Journey,Dodge,42.267,G,mpv,4888,1672,1834,1770,170 g/km,2008,diesel,5,6,5,167-1562 l,68 kg,"10,5 s",front,77,6.2,200,710,1360,dohc,1968,103,310,img/Dodge_006.jpg,C_0060
Ferrari 550 Maranello,Ferrari 550 Maranello,Ferrari,257.241,G,coupe,4550,1277,1935,1690,547 g/km,1996,petrol,2,6,2,185 l,0,"4,4 s",rear,114,22.9,320,260,1600,dohc,5474,357,568,img/Ferrari_006.jpg,C_0061
Ferrari 458 Speciale A,Ferrari 458 Spider,Ferrari,314.86,G,cabriolet,4527,1211,1937,1340,275 g/km,2015,petrol,2,7,4,230 l,0,"3,0 s",rear,86,11.8,325,260,1600,dohc,4497,445,540,img/Ferrari_002.jpg,C_0062
Ferrari 488 GTB Pista,Ferrari 488 GTB,Ferrari,359.484,G,coupe,4568,1213,1952,1370,260 g/km,2019,petrol,2,7,4,230 l,0,"3,0 s",rear,78,11.4,330,260,1600,dohc,3902,445,760,img/Ferrari_003.jpg,C_0063
Ferrari F430 Spider,Ferrari F430 Spider,Ferrari,266.965,G,cabriolet,4512,1214,1923,1520,420 g/km,2005,petrol,2,6,2,220-340 l,0,"4,0 s",rear,95,18.3,315,180,1600,dohc,4308,360,465,img/Ferrari_001.jpg,C_0064
Ferrari 458 Italia,Ferrari 458 Italia,Ferrari,256.127,G,coupe,4527,1213,1937,1380,307 g/km,2010,petrol,2,7,4,230 l,0,"3,4 s",rear,86,13.3,325,260,1600,dohc,4499,425,540,img/Ferrari_008.jpg,C_0065
Ferrari California,Ferrari California,Ferrari,234.863,G,cabriolet,4563,1308,1902,1775,299 g/km,2009,petrol,2,6,4,240 l,0,"4,0 s",rear,78,13.1,310,425,1600,dohc,4297,338,485,img/Ferrari_007.jpg,C_0066
Ferrari 360 Modena F1,Ferrari 360 Modena,Ferrari,192.895,G,coupe,4477,1214,1922,1400,,1999,petrol,2,6,2,220-340 l,0,"4,5 s",rear,82,17.9,295,300,1600,dohc,3586,294,372,img/Ferrari_005.jpg,C_0067
Ferrari F430,Ferrari F430,Ferrari,244.387,G,coupe,4512,1214,1923,1450,420 g/km,2004,petrol,2,6,2,220-340 l,0,"4,0 s",rear,95,18.3,315,250,1600,dohc,4308,360,465,img/Ferrari_004.jpg,C_0068
Ferrari 360 Spider,Ferrari 360 Spider,Ferrari,207.503,G,cabriolet,4477,1214,1922,1460,,2000,petrol,2,6,2,220-340 l,0,"4,6 s",rear,82,17.9,290,240,1600,dohc,3586,294,372,img/Ferrari_000.jpg,C_0069
Ford Cougar 2.5i 24V,Ford Cougar,Ford,34.317,G,coupe,4699,1325,1769,1378,229 g/km,1998,petrol,3,4,4,350-930 l,75 kg,"10,4 s",front,60,9.6,206,402,1500,dohc,2544,125,220,img/Ford_007.jpg,C_0070
Ford Transit Kombi 300S FWD 2.2 TDCi 100hp Ambiente,Ford Transit Kombi,Ford,45.935,E,van,4863,1989,1974,1967,184 g/km,2012,diesel,4,6,9,6550 l,,"4,6 s",front,80,7,148,1058,2000,dohc,2198,74,310,img/Ford_008.jpg,C_0071
Ford Transit Kombi 350L FWD 2.2 TDCi 140hp Ambiente,Ford Transit Kombi,Ford,54.948,A,van,5680,2330,1974,2010,194 g/km,2012,diesel,4,6,9,10450 l,,"4,6 s",front,80,7.4,157,1490,2800,dohc,2198,103,350,img/Ford_001.jpg,C_0072
Ford Transit Kombi 300L FWD 2.2 TDCi 125hp Ambiente,Ford Transit Kombi,Ford,49.807,B,van,5680,2330,1974,1970,198 g/km,2012,diesel,4,6,9,10450 l,,"4,6 s",front,80,7.5,157,1055,2800,dohc,2198,92,330,img/Ford_003.jpg,C_0073
Ford Focus 1.6 TDCi ECOnetic 109hp Trend,Ford Focus,Ford,25.95,E,hatchback,4342,1500,1839,1257,115 g/km,2008,diesel,5,5,5,396-1258 l,75 kg,"10,9 s",front,53,4.3,188,628,1300,dohc,1560,80,240,img/Ford_006.jpg,C_0074
Ford Focus 1.8 16V Flexifuel Trend,Ford Focus,Ford,24.063,F,hatchback,4337,1500,1839,1207,167 g/km,2008,bio-ethanol,5,5,5,396-1258 l,75 kg,"10,3 s",front,55,7,198,688,1200,dohc,1798,92,165,img/Ford_000.jpg,C_0075
Ford Focus 1.8 16V Flexifuel Titanium,Ford Focus,Ford,25.713,F,hatchback,4337,1500,1839,1207,167 g/km,2008,bio-ethanol,5,5,5,396-1258 l,75 kg,"10,3 s",front,55,7,198,688,1200,dohc,1798,92,165,img/Ford_002.jpg,C_0076
Ford Focus C-MAX 2.0 TDCi First Edition,Ford Focus C-MAX,Ford,30.65,G,mpv,4333,1595,1825,1427,148 g/km,2003,diesel,5,6,5,550-1620 l,,"9,6 s",front,55,5.6,200,563,1500,dohc,1997,100,320,img/Ford_004.jpg,C_0077
Ford Focus C-MAX 2.0 TDCi Trend,Ford Focus C-MAX,Ford,28.995,G,mpv,4333,1595,1825,1427,148 g/km,2003,diesel,5,6,5,550-1620 l,,"9,6 s",front,55,5.6,200,563,1500,dohc,1997,100,320,img/Ford_005.jpg,C_0078
Ford Focus C-MAX 1.8 16V First Edition,Ford Focus C-MAX,Ford,25.15,F,mpv,4333,1595,1825,1309,172 g/km,2003,petrol,5,5,5,550-1620 l,,"10,8 s",front,55,7.2,195,601,1200,dohc,1798,88,165,img/Ford_006.jpg,C_0079
Honda Civic Type S 1.4i-VTEC Advantage,Honda Civic Type S,Honda,25.8,D,hatchback,4270,1460,1785,1146,135 g/km,2008,petrol,3,6,5,485-1352 l,80 kg,"13,0 s",front,50,5.9,177,504,1400,ohc,1339,73,127,img/Honda_008.jpg,C_0080
Honda Accord 1.8i LS,Honda Accord,Honda,24.953,G,hatchback,4595,1430,1750,1360,216 g/km,1999,petrol,5,4,5,444-1150 l,65 kg,"11,6 s",front,65,9.1,195,570,1200,ohc,1850,100,175,img/Honda_004.jpg,C_0081
Honda Civic 1.4i S,Honda Civic,Honda,16.286,G,hatchback,4325,1390,1695,1055,184 g/km,1997,petrol,5,5,5,380-830 l,75 kg,"13,3 s",front,55,7.5,176,495,1000,ohc,1396,66,120,img/Honda_008.jpg,C_0082
Honda CR-V 2.0i Executive,Honda CR-V,Honda,35.995,G,suv/crossover,4635,1710,1785,1473,215 g/km,2004,petrol,5,5,5,527-1568 l,40 kg,"10,8 s",front+rear,58,9,177,517,1500,dohc,1998,110,192,img/Honda_001.jpg,C_0083
Honda Civic 1.8i-VTEC Executive,Honda Civic,Honda,29.55,F,hatchback,4255,1460,1765,1165,152 g/km,2008,petrol,5,6,5,485-1352 l,80 kg,"8,9 s",front,50,6.6,205,585,1400,ohc,1799,103,174,img/Honda_002.jpg,C_0084
Honda Civic Type S 1.4i-VTEC Advantage,Honda Civic Type S,Honda,25.8,D,hatchback,4270,1460,1785,1146,135 g/km,2008,petrol,3,6,5,485-1352 l,80 kg,"13,0 s",front,50,5.9,177,504,1400,ohc,1339,73,127,img/Honda_007.jpg,C_0085
Hyundai Matrix 1.6i StyleVersion,Hyundai Matrix,Hyundai,18.695,G,mpv,4060,1685,1740,1223,171 g/km,2008,petrol,5,5,5,354-1284 l,70 kg,"12,7 s",front,55,7.3,170,577,1300,dohc,1599,76,141,img/Hyundai_005.jpg,C_0086
Hyundai i40 1.7 CRDi i-Vision,Hyundai i40,Hyundai,40.09,G,sedan,4740,1470,1815,1476,159 g/km,2011,diesel,4,6,5,503 l,100 kg,"11,6 s",front,70,6,197,624,1500,dohc,1685,100,330,img/Hyundai_006.jpg,C_0087
Hyundai Santa Fe 2.2 CRDi VGT 2WD StyleVersion,Hyundai Santa Fe,Hyundai,42.695,G,suv/crossover,4675,1725,1890,1718,187 g/km,2006,diesel,5,5,5,528-1582 l,100 kg,"11,3 s",front,75,7.1,180,802,2200,dohc,2188,110,335,img/Hyundai_004.jpg,C_0088
Hyundai Accent 1.6i GLS,Hyundai Accent,Hyundai,15.095,G,hatchback,4215,1395,1680,1020,165 g/km,2003,petrol,5,5,5,321-859 l,75 kg,"10,3 s",front,45,6.9,190,535,1100,dohc,1599,77,143,img/Hyundai_003.jpg,C_0089
Hyundai i20 Coupe 1.2 HP i-Motion,Hyundai i20 Coupe,Hyundai,15.995,C,hatchback,4035,1474,1734,955,109 g/km,2015,petrol,3,5,5,326-1042 l,70 kg,"13,1 s",front,40,4.7,170,625,910,dohc,1248,55,122,img/Hyundai_002.jpg,C_0090
Hyundai Sonata 2.0i 16V GLX,Hyundai Sonata,Hyundai,21.325,G,sedan,4710,1410,1818,1296,213 g/km,1998,petrol,4,5,5,396 l,100 kg,"9,6 s",front,65,8.9,199,614,1700,dohc,1997,100,180,img/Hyundai_000.jpg,C_0091
Hyundai Getz 1.6i DynamicVersion,Hyundai Getz,Hyundai,15.69,G,hatchback,3825,1490,1665,1032,167 g/km,2005,petrol,5,4,5,254-977 l,,"11,9 s",front,45,7,170,508,1100,dohc,1599,78,144,img/Hyundai_001.jpg,C_0092
Lexus RX 350 Pure,Lexus RX,Lexus,79.364,G,suv/crossover,4770,1685,1885,1950,250 g/km,2009,petrol,5,6,5,496-1570 l,80 kg,"8,0 s",front+rear,72,10.6,200,595,2000,dohc,3456,204,346,img/Lexus_001.jpg,C_0093
Lexus RX 350 Executive,Lexus RX,Lexus,98.876,G,suv/crossover,4770,1685,1885,1950,250 g/km,2009,petrol,5,6,5,496-1570 l,80 kg,"8,0 s",front+rear,72,10.6,200,595,2000,dohc,3456,204,346,img/Lexus_002.jpg,C_0094
Lexus RX 300 Executive,Lexus RX,Lexus,60.75,G,suv/crossover,4580,1660,1815,1765,311 g/km,2000,petrol,5,4,5,489 l,100 kg,"9,2 s",front+rear,73,13,180,505,2000,dohc,2995,148,283,img/Lexus_006.jpg,C_0095
Lexus GS 300 Executive,Lexus GS,Lexus,65.3,G,sedan,4805,1445,1800,1640,281 g/km,2000,petrol,4,5,5,515 l,100 kg,"8,2 s",rear,75,11.6,230,480,2000,dohc,2997,161,294,img/Lexus_003.jpg,C_0096
Lexus NX 300h Luxury Line,Lexus NX,Lexus,65.645,C,suv/crossover,4630,1645,1845,1695,121 g/km,2017,petrol,5,5,5,550-1600 l,80 kg,"9,3 s",front,56,5.8,180,635,650,dohc,2494,148,210,img/Lexus_000.jpg,C_0097
Lexus NX 300h AWD President Line,Lexus NX,Lexus,72.695,C,suv/crossover,4630,1645,1845,1760,121 g/km,2017,petrol,5,5,5,550-1600 l,80 kg,"9,3 s",front+rear,56,5.9,180,635,1500,dohc,2494,148,210,img/Lexus_005.jpg,C_0098
Lexus IS 300 SportCross Executive,Lexus IS SportCross,Lexus,52,G,sedan,4505,1430,1725,1515,265 g/km,2001,petrol,4,5,5,343-1000 l,75 kg,"8,4 s",rear,70,11.2,230,475,1200,dohc,2997,157,288,img/Lexus_004.jpg,C_0099
Lexus LC 500,Lexus LC,Lexus,168.995,G,coupe,4770,1345,1920,1910,263 g/km,2017,petrol,2,9,4,197 l,75 kg,"4,4 s",rear,82,11.5,270,465,1200,dohc,4969,157,540,img/Lexus_007.jpg,C_0100
Lincoln Continental,Lincoln Continental,Lincoln,54.168,G,sedan,5240,1420,1870,1760,263 g/km,1995,petrol,4,4,5,512 l,75 kg,"4,4 s",front,67,11.2,180,705,1200,ohv,4603,194,359,img/Lincoln_000.jpg,C_0101
Lincoln Town Car,Lincoln Town Car,Lincoln,53.877,G,sedan,5560,1445,1953,1825,263 g/km,1994,petrol,4,4,5,500 l,75 kg,"11,0 s",rear,76,11.2,180,705,1200,ohc,4601,156,366,img/Lincoln_005.jpg,C_0102
Lincoln Navigator,Lincoln Navigator,Lincoln,89.122,G,sedan,5202,1950,2030,2560,330 g/km,2001,benzine,4,4,7,1832-3295 l,75 kg,"4,4 s",voor+achter,114,15,190,740,2362,ohc,5404,156,441,img/Lincoln_001.jpg,C_0103
Lincoln Navigator,Lincoln Navigator,Lincoln,81.454,G,suv/crossover,5202,1950,2030,2595,330 g/km,2001,petrol,5,4,7,1832-3295 l,75 kg,"10,8 s",front+rear,114,15,190,705,2362,ohc,5404,224,481,img/Lincoln_006.jpg,C_0104
Lincoln Continental Signature Series,Lincoln Continental Signature Series,Lincoln,56.93,G,sedan,5210,1414,1848,1645,330 g/km,1988,petrol,4,4,5,540 l,75 kg,"10,8 s",front,70,15,185,705,2362,ohv,3797,119,305,img/Lincoln_008.jpg,C_0105
Lincoln Mark VIII,Lincoln Mark VIII,Lincoln,51.141,G,coupe,5255,1360,1895,1695,330 g/km,1993,petrol,2,4,5,408 l,,"10,8 s",rear,68,15.4,235,565,2362,dohc,4601,209,386,img/Lincoln_000.jpg,C_0106
Maserati Ghibli 3.0 V6 S Q4,Maserati Ghibli,Maserati,153.668,G,sedan,4971,1461,1945,1870,226 g/km,2017,petrol,4,8,5,500 l,,"4,8 s",front+rear,80,9.7,284,660,2362,dohc,2979,287,550,img/Maserati_008.jpg,C_0107
Maserati Ghibli 3.0 V6 Diesel GranSport,Maserati Ghibli,Maserati,116.569,G,sedan,4971,1461,1945,1835,158 g/km,2017,diesel,4,8,5,500 l,,"6,3 s",rear,70,5.9,250,665,2362,dohc,2987,287,600,img/Maserati_000.jpg,C_0108
Maserati Coupe Cambiocorsa,Maserati Coupe,Maserati,128.39,G,coupe,4525,1305,1822,1580,430 g/km,2002,petrol,2,6,2,220 l,,"4,9 s",rear,88,18.6,285,480,2000,dohc,4244,287,451,img/Maserati_002.jpg,C_0109
Maserati GranTurismo,Maserati GranTurismo,Maserati,190.427,G,coupe,4881,1353,1915,1780,330 g/km,2007,petrol,2,6,4,260 l,,"5,2 s",rear,86,14.3,285,470,2000,dohc,4244,298,460,img/Maserati_003.jpg,C_0110
Maserati GranTurismo S,Maserati GranTurismo,Maserati,221.768,G,coupe,4881,1353,1915,1780,385 g/km,2008,petrol,2,6,4,260 l,,"4,9 s",rear,86,16.2,295,470,2362,dohc,4691,323,490,img/Maserati_004.jpg,C_0111
Maserati Quattroporte 3.0 V6 S Q4,Maserati Quattroporte,Maserati,181.568,F,sedan,5262,1481,1948,1820,226 g/km,2017,petrol,4,8,5,530 l,,"4,8 s",front+rear,80,9.7,288,720,2362,dohc,2979,295,550,img/Maserati_006.jpg,C_0112
Maserati Quattroporte Sport GT,Maserati Quattroporte,Maserati,165.745,G,sedan,5052,1438,1895,1860,370 g/km,2006,petrol,4,6,5,450 l,,"5,2 s",rear,90,15.8,275,720,2362,dohc,4244,295,451,img/Maserati_005.jpg,C_0113
Maserati Spyder 90th Anniversary,Maserati Spyder,Maserati,157.734,G,cabriolet,4303,1305,1822,1630,430 g/km,2005,petrol,2,6,2,300 l,,"5,0 s",rear,88,18.6,283,720,2362,dohc,4244,287,451,img/Maserati_001.jpg,C_0114
Maserati Levante GranLusso,Maserati Levante,Maserati,152.669,G,suv/crossover,5003,1679,1968,2109,249 g/km,2017,petrol,5,8,5,580 l,,"6,0 s",front+rear,70,10.7,251,720,2700,dohc,2979,295,500,img/Maserati_007.jpg,C_0115
Mercedes C 200 Diesel Elegance,Mercedes-Benz C-class,Mercedes,34.845,G,sedan,4487,1414,1720,1280,249 g/km,1993,diesel,4,4,5,430 l,100 kg,"19,9 s",rear,62,6.8,157,580,1275,dohc,1997,55,130,img/Mercedes-Benz_003.jpg,C_0116
Mercedes C 200 Diesel,Mercedes-Benz C-class,Mercedes,32.259,G,sedan,4487,1414,1720,1280,249 g/km,1993,diesel,4,4,5,430 l,100 kg,"19,9 s",rear,62,6.8,157,580,1275,dohc,1997,55,130,img/Mercedes-Benz_002.jpg,C_0117
Mercedes C 180 Sport,Mercedes-Benz C-class,Mercedes,31.828,G,sedan,4487,1414,1720,1250,249 g/km,1993,petrol,4,4,5,430 l,100 kg,"13,0 s",rear,62,8.6,190,580,1575,dohc,1799,90,170,img/Mercedes-Benz_004.jpg,C_0118
Mercedes C 220 CDI Avantgarde,Mercedes-Benz C-class,Mercedes,48.806,G,sedan,4591,1447,1770,1510,125 g/km,2011,diesel,4,7,5,475 l,100 kg,"8,1 s",rear,59,4.8,231,615,1800,dohc,2143,125,400,img/Mercedes-Benz_001.jpg,C_0119
Mercedes C 220 CDI BlueEFFICIENCY Edition,Mercedes-Benz C-class,Mercedes,37.995,E,sedan,4591,1447,1770,1500,109 g/km,2013,diesel,4,6,5,475 l,100 kg,"8,4 s",rear,59,4.1,232,615,1800,dohc,2143,125,400,img/Mercedes-Benz_007.jpg,C_0120
Mercedes GLC 63 S AMG 4MATIC+ Coupe,Mercedes-Benz GLC Coupe,Mercedes,174.667,G,suv/crossover,4731,1600,1890,1930,280 g/km,2019,petrol,5,9,5,500-1400 l,75 kg,"3,8 s",front+rear,66,12.3,280,660,2200,dohc,3982,125,700,img/Mercedes-Benz_001.jpg,C_0121
Mercedes Viano Extra Lang CDI 2.0 Ambiente,Mercedes-Benz Viano Combi,Mercedes,73.843,E,van,5238,1875,1901,2150,190 g/km,2010,diesel,5,6,6,475 l,150 kg,"14,1 s",rear,75,7.2,174,900,2000,dohc,2143,100,310,img/Mercedes-Benz_007.jpg,C_0122
Mercedes Viano Extra Lang CDI 3.0 Trend Edition,Mercedes-Benz Viano Combi,Mercedes,86.009,G,van,5238,1875,1901,2200,224 g/km,2010,diesel,5,5,6,475 l,150 kg,"9,1 s",rear,75,8.5,201,850,2000,dohc,2987,165,440,img/Mercedes-Benz_008.jpg,C_0123
Mercedes GLA 180 d,Mercedes-Benz GLA,Mercedes,41.186,D,hatchback,4424,1494,1804,1370,103 g/km,2017,diesel,5,7,5,421-1235 l,75 kg,"11,7 s",front,50,3.9,190,600,1200,dohc,1461,80,260,imd/Mercedes-Benz_004.jpg,C_0124
Mercedes E 300 BlueEFFICIENCY Coupe,Mercedes-Benz E-class Coupe,Mercedes,59.2,E,coupe,4698,1397,1786,1560,164 g/km,2011,petrol,2,7,4,450 l,100 kg,"6,9 s",rear,66,7,250,570,1800,dohc,3498,185,340,img/Mercedes-Benz_005.jpg,C_0125
Mercedes E 220 CDI BlueEFFICIENCY Estate Elegance,Mercedes-Benz E-class Estate,Mercedes,56.754,E,stationwagon,4895,1512,1854,1745,136 g/km,2009,diesel,5,6,5,695-1950 l,100 kg,"8,8 s",rear,59,5.2,218,675,1900,dohc,2143,125,400,img/Mercedes-Benz_006.jpg,C_0126
Mercedes X 350 d 4MATIC Progressive,Mercedes-Benz X-class,Mercedes,122.599,G,pick-up,5340,1819,1920,2185,237 g/km,2018,diesel,4,7,6,475 l,,"7,9 s",front+rear,73,9,205,1065,3500,dohc,2987,125,550,img/Mercedes-Benz_000.jpg,C_0127
Mercedes X 250 d 4MATIC Progressive,Mercedes-Benz X-class,Mercedes,91.394,G,pick-up,5340,1819,1920,2134,197 g/km,2018,diesel,4,6,6,475 l,,"7,9 s",front+rear,73,7.9,205,1116,3500,dohc,2298,125,450,img/Mercedes-Benz_008.jpg,C_0128
Nissan X-Trail 2.5 Luxury,Nissan X-Trail,Nissan,36.57,G,suv/crossover,4510,1675,1765,1425,232 g/km,2003,petrol,5,4,5,410-1841 l,100 kg,"11,1 s",front+rear,60,9.7,176,575,1350,dohc,2488,121,230,img/Nissan_003.jpg,C_0129
Nissan X-Trail 2.0 Comfort Base,Nissan X-Trail,Nissan,28.99,G,suv/crossover,4510,1675,1765,1390,221 g/km,2002,petrol,5,5,5,410-1841 l,100 kg,"11,3 s",front+rear,60,9.3,177,610,1500,dohc,1998,103,192,img/Nissan_006.jpg,C_0130
Nissan Micra 1.4 Elegance,Nissan Micra,Nissan,18.32,G,hatchback,3719,1540,1660,935,154 g/km,2008,petrol,3,5,5,251-584 l,50 kg,"11,9 s",front,46,6.3,172,540,800,dohc,1386,65,128,img/Nissan_004.jpg,C_0131
Nissan Patrol GR 3.0 Di Turbo Elegance,Nissan Patrol GR,Nissan,53.766,G,suv/crossover,4440,1840,1930,2215,287 g/km,2003,diesel,3,4,5,308-1652 l,200 kg,"16,2 s",front+rear,95,10.8,160,635,2500,dohc,2953,116,354,img/Nissan_001.jdg,C_0132
Nissan Primera Wagon 1.6 GX,Nissan Primera Wagon,Nissan,18.966,G,stationwagon,4516,1450,1715,1245,179 g/km,1998,petrol,5,5,5,430-1650 l,100 kg,"12,8 s",front,60,7.5,175,505,1075,dohc,1597,73,136,img/Nissan_000.jpg,C_0133
Nissan 100 NX 2.0 GTi,Nissan 100 NX,Nissan,25.639,N.A.,coupe,4135,1315,1680,1100,,1991,petrol,3,5,4,330 l,75 kg,"8,2 s",front,50,8.5,210,435,1300,dohc,1998,105,178,img/Nissan_002.jpg,C_0134
Nissan Pulsar DIG-T 115 Connect Edition,Nissan Pulsar,Nissan,26.35,C,hatchback,4387,1515,1768,1180,119 g/km,2014,petrol,5,4,5,385-1395 l,75 kg,"12,7 s",front,46,5.1,185,570,500,dohc,1197,85,190,img/Nissan_005.jpg,C_0135
Porsche Cayenne Turbo S,Porsche Cayenne,Porsche,199.55,G,suv/crossover,4795,1694,1928,2355,358 g/km,2008,petrol,5,6,5,540-1770 l,100 kg,"4,8 s",front+rear,100,14.9,280,725,3500,dohc,4806,404,750,img/Porsche_002.jpg,C_0136
Porsche Carrera GT,Porsche Carrera GT,Porsche,646.605,G,cabriolet,4613,1166,1921,1380,429 g/km,2003,petrol,2,6,2,76 l,,"3,9 s",rear,92,17.8,330,220,3500,dohc,5733,450,590,img/Porsche_003.jpg,C_0137
Porsche 968 Cabriolet,Porsche 968 Cabriolet,Porsche,85.991,N.A.,cabriolet,4320,1275,1735,1370,,1991,petrol,3,6,5,250 l,75 kg,"6,5 s",rear,74,10.3,252,330,1200,dohc,2990,176,305,img/Porsche_001.jpg,C_0138
Porsche 911 Carrera 4S Targa,Porsche 911 Coupe,Porsche,150.885,G,coupe,4427,1300,1852,1475,285 g/km,2006,petrol,2,6,4,105 l,75 kg,"4,8 s",front+rear,67,11.8,288,345,1200,dohc,3824,261,400,img/Porsche_000.jpg,C_0139
Porsche Cayenne Turbo S,Porsche Cayenne,Porsche,168.49,G,suv/crossover,4786,1699,1928,2355,378 g/km,2006,petrol,5,6,5,540-1770 l,100 kg,"5,2 s",front+rear,100,15.7,270,725,3500,dohc,4511,383,720,img/Porsche_005.jpg,C_0140
Porsche Cayenne Turbo Coupe,Porsche Cayenne Coupe,Porsche,206.143,G,suv/crossover,4939,1653,1989,2175,258 g/km,2019,petrol,5,8,5,598-1513 l,100 kg,"3,9 s",front+rear,90,11.1,286,740,1200,dohc,3996,0,770,img/Porsche_004.jpg,C_0141
Porsche 911 Turbo Cabriolet,Porsche 911 Cabriolet,Porsche,198.44,G,cabriolet,4435,1295,1830,1660,309 g/km,2004,petrol,2,6,4,100 l,75 kg,"4,3 s",front+rear,64,12.9,305,320,1200,dohc,3600,309,560,img/Porsche_006.jpg,C_0142
Porsche 911 Carrera GTS Coupe,Porsche 911 Coupe,Porsche,147,G,coupe,4509,1295,1852,1420,202 g/km,2015,petrol,2,7,4,125 l,75 kg,"4,0 s",rear,64,8.7,304,450,1200,dohc,3800,316,440,img/Porsche_072.jpg,C_0143
Porsche Boxster S,Porsche Boxster,Porsche,78.514,G,cabriolet,4329,1292,1801,1355,254 g/km,2006,petrol,2,6,2,260 l,75 kg,"5,4 s",rear,64,10.6,272,275,1200,dohc,3387,217,340,img/Porsche_008.jpg,C_0144
Subaru Legacy Outback 3.0 H6 AWD,Subaru Legacy Outback,Subaru,46.995,G,suv/crossover,4720,1580,1745,1585,248 g/km,2002,petrol,5,4,5,528-1646 l,100 kg,"8,9 s",front+rear,60,10.5,210,425,1800,dohc,2999,154,282,img/Subaru_009.jpg,C_0145
Subaru Impreza 1.6 GL AWD,Subaru Impreza,Subaru,15.653,G,sedan,4300,1415,1690,1100,201 g/km,1998,petrol,4,5,5,363 l,80 kg,"12,3 s",front+rear,50,8.3,175,540,1000,ohc,1597,70,143,img/Subaru_001.jpg,C_0146
Subaru Legacy 2.0R Executive Pack,Subaru Legacy,Subaru,38.13,G,sedan,4665,1425,1730,1355,202 g/km,2005,petrol,4,4,5,433 l,80 kg,"11,4 s",front+rear,64,8.5,201,575,1500,ohc,1994,121,187,img/Subaru_003.jpg,C_0147
Subaru B9 Tribeca 3.0R Executive,Subaru B9 Tribeca,Subaru,68.24,G,suv/crossover,4857,1686,1878,1890,291 g/km,2006,petrol,5,5,7,450-1495 l,80 kg,"9,7 s",front+rear,64,12.3,195,696,1200,dohc,2999,180,297,img/Subaru_006.jpg,C_0148
Subaru Impreza 1.5R AWD Edition,Subaru Impreza,Subaru,19.495,G,sedan,4465,1440,1740,1255,184 g/km,2007,petrol,4,5,5,401 l,80 kg,"13,4 s",front+rear,60,7.9,174,495,1000,dohc,1498,77,142,img/Subaru_008.jpg,C_0149
Subaru Forester 2.0 X AWD,Subaru Forester,Subaru,28.1,G,suv/crossover,4485,1590,1735,1365,220 g/km,2005,petrol,5,5,5,387-1629 l,80 kg,"9,7 s",front+rear,60,9.3,197,515,1500,ohc,1994,116,186,img/Subaru_000.jpg,C_0150
Subaru Forester 2.0 X AWD Comfort,Subaru Forester,Subaru,31.1,G,suv/crossover,4485,1590,1735,1365,220 g/km,2005,petrol,5,5,5,387-1629 l,80 kg,"9,7 s",front+rear,60,9.3,197,515,1500,ohc,1994,116,186,img/Subaru_009.jpg,C_0151
Subaru Legacy 2.0R Comfort Pack,Subaru Legacy,Subaru,34.63,G,sedan,4665,1425,1730,1355,202 g/km,2005,petrol,4,4,5,433 l,80 kg,"11,4 s",front+rear,64,8.5,201,575,1500,ohc,1994,121,187,img/Subaru_002.jpg,C_0152
Tesla Model S 85 Signature Performance,Tesla Model S,Tesla,110.95,A,hatchback,4970,1445,1964,2100,0 g/km,2013,,5,s,5,745-1645 l,,"4,6 s",rear,,,212,,,,,310,,img/Tesla_001.jpg,C_0153
Tesla Model S 85 Signature,Tesla Model S,Tesla,101.4,A,hatchback,4970,1445,1964,2100,0 g/km,2013,,5,s,5,745-1645 l,,"4,6 s",rear,,,212,,,,,310,,img/Tesla_002.jpg,C_0154
Tesla Model S 85 Performance,Tesla Model S,Tesla,88.7,A,hatchback,4970,1445,1964,2100,0 g/km,2013,,5,s,5,745-1645 l,,"4,6 s",rear,,,212,,,,,310,,img/Tesla_003.jpg,C_0155
Tesla Model S 85,Tesla Model S,Tesla,78.6,A,hatchback,4970,1445,1964,2100,0 g/km,2013,,5,s,5,745-1645 l,,"5,9 s",rear,,,200,,,,,270,,img/Tesla_005.jpg,C_0156
Tesla Model S 60,Tesla Model S,Tesla,66.2,A,hatchback,4970,1445,1964,2100,0 g/km,2013,,5,s,5,745-1645 l,,"6,5 s",rear,,,193,,,,,225,,img/Tesla_004.jpg,C_0157
Tesla Model S P90D,Tesla Model S,Tesla,126.4,A,hatchback,4970,1445,1964,2238,0 g/km,2015,,5,s,5,745-1645 l,,"3,3 s",front+rear,,,250,,,,,515,,img/Tesla_000.jpg,C_0158
Toyota RAV4 2.0 VVT-i 4WD Executive Business,Toyota RAV4,Toyota,40.1,G,suv/crossover,4365,1685,1815,1450,178 g/km,2010,petrol,5,6,5,586-1752 l,100 kg,"10,5 s",front+rear,60,7.6,185,620,2000,dohc,1987,116,198,img/Toyota_002.jpg,C_0159
Toyota RAV4 2.0 VVT-i 4WD Comfort,Toyota RAV4,Toyota,35.92,G,suv/crossover,4365,1720,1815,1480,177 g/km,2010,petrol,5,6,5,586-1752 l,100 kg,"11,0 s",front+rear,60,7.5,185,630,1500,dohc,1987,116,198,img/Toyota_004.jpg,C_0160
Toyota RAV4 2.0 VVT-i 4WD Executive Business,Toyota RAV4,Toyota,40.25,E,suv/crossover,4570,1660,1845,1465,169 g/km,2013,petrol,5,6,5,577-1776 l,85 kg,"9,9 s",front+rear,60,7.3,185,635,2000,dohc,1987,111,195,img/Toyota_005.jpg,C_0161
Toyota RAV4 2.0 D-4D-F 2WD Style,Toyota RAV4,Toyota,38.795,E,suv/crossover,4570,1660,1845,1510,127 g/km,2014,diesel,5,6,5,577-1776 l,85 kg,"10,5 s",front,60,4.9,180,625,1600,dohc,1998,91,310,img/Toyota_007.jpg,C_0162
Toyota RAV4 2.2 D-4D-F 4WD Style,Toyota RAV4,Toyota,45.795,G,suv/crossover,4570,1660,1845,1580,149 g/km,2014,diesel,5,6,5,577-1776 l,85 kg,"9,6 s",front+rear,60,5.7,190,640,2000,dohc,2231,110,340,img/Toyota_001.jdg,C_0163
Toyota Yaris 1.3 16v VVT-i Linea Sol,Toyota Yaris,Toyota,13.69,G,hatchback,3610,1500,1660,875,144 g/km,1999,petrol,3,5,5,205-950 l,50 kg,"12,1 s",front,45,6,175,475,900,dohc,1299,63,124,img/Toyota_000.jpg,C_0164
Volkswagen CrossPolo 1.6 TDI 90hp,Volkswagen CrossPolo,Volkswagen,26.46,G,hatchback,4077,1488,1698,1148,119 g/km,2010,diesel,5,7,5,280-952 l,75 kg,"12,5 s",front,45,4.6,176,552,1200,dohc,1598,66,230,img/Volkswagen_008.jpg,C_0165
Volkswagen Passat 1.8 CL Variant,Volkswagen Passat Variant,Volkswagen,17.607,N.A.,stationwagon,4545,1385,1695,1016,,1986,petrol,5,3,5,560-1831 l,75 kg,"14,3 s",front,60,9.5,164,504,1200,ohc,1781,66,137,img/Volkswagen_007.jpg,C_0166
Volkswagen Caddy Combi Maxi 2.0 EcoFuel Comfortline,Volkswagen Caddy Combi,Volkswagen,36.19,D,mpv,4876,1861,1794,1592,157 g/km,2010,natural gas,4,5,7,530-3950 l,100 kg,"14,8 s",front,26,8.8,169,688,1100,ohc,1985,80,160,img/Volkswagen_006.jpg,C_0167
Volkswagen Caddy Combi Maxi 2.0 TDI 110hp 4Motion Highline,Volkswagen Caddy Combi,Volkswagen,52.03,G,mpv,4876,1861,1794,1543,171 g/km,2011,diesel,4,6,7,530-3950 l,100 kg,"13,3 s",front+rear,60,6.5,170,737,1500,dohc,1968,81,280,img/Volkswagen_005.jdg,C_0168
Volkswagen Bora 1.6 16V Highline,Volkswagen Bora,Volkswagen,29.2,G,sedan,4376,1446,1735,1190,168 g/km,2000,petrol,4,5,5,455-785 l,75 kg,"11,6 s",front,55,7,192,570,1200,dohc,1598,77,148,img/Volkswagen_004.jpg,C_0169
Volkswagen Amarok 2.0 TDI 140hp Easyline,Volkswagen Amarok Dubbele Cabine,Volkswagen,66.698,D,pick-up,5254,1834,1944,1768,189 g/km,2013,diesel,4,6,5,#NAME?,100 kg,"12,9 s",rear,80,7.2,169,1052,2800,dohc,1968,103,340,img/Volkswagen_003.jpg,C_0170
Volkswagen Amarok 2.0 TDI 140hp Highline,Volkswagen Amarok Dubbele Cabine,Volkswagen,70.57,D,pick-up,5254,1834,1944,1768,189 g/km,2013,diesel,4,6,5,#NAME?,100 kg,"12,9 s",rear,80,7.2,169,1052,2800,dohc,1968,103,340,img/Volkswagen_002.jpg,C_0171
Volkswagen Amarok 2.0 TDI 140hp BMT Highline,Volkswagen Amarok Dubbele Cabine,Volkswagen,65.41,C,pick-up,5254,1834,1944,1768,179 g/km,2013,diesel,4,6,5,#NAME?,100 kg,"12,9 s",rear,80,6.8,169,1052,2800,dohc,1968,103,340,img/Volkswagen_001.jpg,C_0172
